color	text
white 	Твоя мама
white Ашома
white Аслан
white Казик
white Астик
white Камилла
white малюсенький член
white протухший хуесос без зубов
white пляж нудистов
white полный унитаз сухого говна
white работать за черешню
white брать в рот
white отполированный хуй
white ебанутый мулид на мопеде
white незаконный намаз 
white отсохшие зубы твоих одноклассников
white кальянный реп
white толпа ссыкливых абушек
white побитые неформалы села
white тихий пердёж ашамаза в гс
white уебанские тиктоки камиллы
white спелый киви
white делать минет всем учителям
white убегать от уборщицы Мариты
white избитый членом ребенок
white педиковатый физрук
white прямо в моё Кокоро
white 2000 раз брошенный Азамат
white шест для стриптиза
white огромные геи без членов
white девятая симфония Чайковского
white морщинистый хуй
white отрыжка как у годзиллы
white уйти за хлебом
white незаметно дрочить писюн
white вонючая пизда тиранозавра
white кривые зубы Астемира
white пупочный катышек
white гулять без Камиллы
white работать на консервном заводе
white жить в Герменчике
white огромные амбиции Егора
white смеятся над многочленом
white Зеленский
white прекрасные песни Мияги
white аджара гуджу
white клоака
white рыжая собака
white 12 красных Илонов Масков
white арбузы Ольги Бузовой
white жить без денег
white некрофильные наклонности
white фурри
white желание въебать ребенку
white бессердечная хуета
white кринжовый уебан с твоего окружения
white бесхребетный даун
white плаки плаки или нормалдаки
white жить без писечки
white гугугага
white ЭЩКЕРЕ
white злобные лезбиянки
white длиннющие свисающие сиськи старой бабки
white зараженная грибком пятка
white работать в Озоне
white Mr Beast
white Мистер Дрист
white А4
white тапать хомяка
white небритая жопа
white шлюха
white мамы
white две папы
white страусиные свисающие яйца
white существо без жопы
white голые детишки
white пошлые утехи с котятами
white 9-1-1
white психбольница
white суицид
white отрыжка шестиста миньонов
white стринги прорезающие очко
white легендарный сантехник из немецких порнух
white гопники
white сексуальные сотрудники почты
white безбашенный жумарэн
white говно, залупа, пенис, хер, давалка, хуй, блядина
white моя правая рука
white глубокий горловой минет
white гитлер
white максим галкин
white самая дорогая шалашовка
white группа анимешников
white БАААКККАААА
white всемогущий Владимир Владимирович
white Аллах
white кириешки Хрусteam
white боль в заднице
white мозоль на пятке
white самый нищенский бомжара на всей планете
white пальцы ног
white виртовские
white дота
white Даня Милохин
white фистинг
white тверк
white рванные колготки Камиллы
white чупакабра
white шахидки горничные
white зондбе апакалипсис
white яйца Кобякова
white петух, дырявый..
white ПЕТУС
white чуваши
white руки в какашках
white нормальный мужчина
white Иисус Христос
white гигантский качок соник
white огромная куча индусов
white чурки
white сперма Сквидварда
white Обама
white скибиди туалеты
white обросшие яйца деда отшельника
white нейросеть которая раздевает
white всегда спадающие трусики
white сквиш в виде жопы
white манго манго манго манго манго
white рыбалка в 4 утра
white султан сулейман хан хазрет лери
white работать на трассе
white билли джин
white тот самый кринжовый трек
white невидимые трусики
white стать эмо
white родиться богатым
white пятирублёвая купюра
white дохлый мопс Шевцова
white украсть девственность
white мерзкие дети
white оргия орков
white нарута
white смотреть ютуб шортс
white бессмертные рассисты
white ослепнуть от красоты твоих булочек
white играть в бравл старс
white злобный пёсик казика
white интернет герой
white мой негр
white грю
